PeakSource,Ratio,Species
exp,0.5708759051681381,Arabidopsis
pred,0.4291240948318619,Arabidopsis
exp,0.7063435495367071,Rice
pred,0.2936564504632929,Rice
exp,0.8320144327360696,Cotton
pred,0.1679855672639304,Cotton
exp,0.6820624307805898,Maize
pred,0.3179375692194101,Maize
exp,0.6982178722861606,Soybean
pred,0.3017821277138394,Soybean
